keys,zhc,zh,en
呵～這就是我的對手嗎？希望你能撐久一點♡,呵～這就是我的對手嗎？希望你能撐久一點♡,呵～这就是我的对手吗？希望你能撑久一点♡,Heh~ So this is my opponent? I hope you can last a little longer♡
哎呀，還不錯嘛？但只是這點程度，你可還不夠資格♡,哎呀，還不錯嘛？但只是這點程度，你可還不夠資格♡,哎呀，还不错嘛？但只是这点程度，你可还不够资格♡,"Oh my, not bad? But at just this level, you're still not qualified♡"
嘻嘻～竟然能走到這一步，真是讓人刮目相看呢♡,嘻嘻～竟然能走到這一步，真是讓人刮目相看呢♡,嘻嘻～竟然能走到这一步，真是让人刮目相看呢♡,"Heehee~ To think you've made it this far, truly impressive♡"
挑戰我？有趣，但你的勝算微乎其微。,挑戰我？有趣，但你的勝算微乎其微。,挑战我？有趣，但你的胜算微乎其微。,"Challenge me? Interesting, but your chances of winning are minuscule."
還不錯，至少沒有讓我太失望。,還不錯，至少沒有讓我太失望。,还不错，至少没有让我太失望。,"Not bad, at least you didn't disappoint me too much."
或許，你還值得我再多看一眼……,或許，你還值得我再多看一眼……,或许，你还值得我再多看一眼……,"Perhaps, you're worthy of a second glance..."
哎呀～你真的打算脫到最後嗎？,哎呀～你真的打算脫到最後嗎？,哎呀～你真的打算脱到最后吗？,"Well, well… another victim walks in."
你臉紅什麼？現在才剛開始呢～,你臉紅什麼？現在才剛開始呢～,你脸红什么？现在才刚开始呢～,"Ready to lose your dignity, piece by piece?"
小心一會兒你什麼都不剩囉！,小心一會兒你什麼都不剩囉！,小心一会儿你什么都不剩啰！,I hope you didn’t come here expecting mercy.
啊啦？第一輪就緊張了嗎？,啊啦？第一輪就緊張了嗎？,啊啦？第一轮就紧张了吗？,You sure you want to play with me?
看來你今天是來送衣服的喔～,看來你今天是來送衣服的喔～,看来你今天是来送衣服的喔～,"One wrong move, and oops—off goes your shirt!"
我最喜歡看對手一件件脫的樣子了♡,我最喜歡看對手一件件脫的樣子了♡,我最喜欢看对手一件件脱的样子了♡,Oh? Confident? That makes it even more fun~
像你這種新手，三回合就能脫光吧？,像你這種新手，三回合就能脫光吧？,像你这种新手，三回合就能脱光吧？,"Strip RPS, huh? I always win this game."
贏得很辛苦嗎？不如直接脫快一點～,贏得很辛苦嗎？不如直接脫快一點～,赢得很辛苦吗？不如直接脱快一点～,I’ll enjoy watching your pride crumble.
今天，我會一件一件地把你剝光～,今天，我會一件一件地把你剝光～,今天，我会一件一件地把你剥光～,Don't blink—I undress losers fast.
看你那副害羞的樣子，好可愛啊♡,看你那副害羞的樣子，好可愛啊♡,看你那副害羞的样子，好可爱啊♡,Make sure you say goodbye to your clothes nicely!
啊～別擔心，我脫得比你慢多了～,啊～別擔心，我脫得比你慢多了～,啊～别担心，我脱得比你慢多了～,Bow before the queen of this game.
還不認輸？那就繼續脫吧～,還不認輸？那就繼續脫吧～,还不认输？那就继续脱吧～,"You’re not worthy, but I’ll humor you."
哼～這場比賽，你只會越來越冷喔～,哼～這場比賽，你只會越來越冷喔～,哼～这场比赛，你只会越来越冷喔～,I’ve stripped down stronger men than you.
不脫點什麼，怎麼算是野球拳呢？,不脫點什麼，怎麼算是野球拳呢？,不脱点什么，怎么算是野球拳呢？,You play? I command.
想贏？先把這件衣服脫了再說吧！,想贏？先把這件衣服脫了再說吧！,想赢？先把这件衣服脱了再说吧！,I don’t lose. I take.
嘿～別以為你有運氣就能贏過我～,嘿～別以為你有運氣就能贏過我～,嘿～别以为你有运气就能赢过我～,Kneel. I might leave you a sock.
啊呀～你還剩幾件啊？數數看？,啊呀～你還剩幾件啊？數數看？,啊呀～你还剩几件啊？数数看？,I hope you enjoy humiliation.
接下來脫哪一件呢？我來幫你選～,接下來脫哪一件呢？我來幫你選～,接下来脱哪一件呢？我来帮你选～,Another fool who thinks they can win.
我猜你下一回合一定輸，怎麼樣？,我猜你下一回合一定輸，怎麼樣？,我猜你下一回合一定输，怎么样？,"You undress, I entertain—deal?"
怎麼？怕輸就別來玩這種遊戲嘛～,怎麼？怕輸就別來玩這種遊戲嘛～,怎么？怕输就别来玩这种游戏嘛～,All your layers… will be mine.
啊～這麼快就要脫了？你還真快熱～,啊～這麼快就要脫了？你還真快熱～,啊～这么快就要脱了？你还真快热～,Mmm~ are you nervous already?
像你這種膽小鬼，會玩到最後嗎？,像你這種膽小鬼，會玩到最後嗎？,像你这种胆小鬼，会玩到最后吗？,"Don’t worry, I’ll undress you gently."
別急～我會慢慢地、慢慢地贏你～,別急～我會慢慢地、慢慢地贏你～,别急～我会慢慢地、慢慢地赢你～,"Just imagine me whispering ""lose"" in your ear."
不怕羞的話，就讓大家看看吧♡,不怕羞的話，就讓大家看看吧♡,不怕羞的话，就让大家看看吧♡,"Let’s make this game intimate, shall we?"
你這副表情…真是讓人想再欺負你一下呢～,你這副表情…真是讓人想再欺負你一下呢～,你这副表情…真是让人想再欺负你一下呢～,One step closer to bare… and it excites me.
嘻嘻～等下輸了，可別遮著臉跑走唷～,嘻嘻～等下輸了，可別遮著臉跑走唷～,嘻嘻～等下输了，可别遮着脸跑走唷～,"I strip your pride, then your clothes~"
我們來看看，誰最後還穿得住衣服～,我們來看看，誰最後還穿得住衣服～,我们来看看，谁最后还穿得住衣服～,I love watching opponents squirm.
要不要我幫你脫一件啊？算是鼓勵獎～,要不要我幫你脫一件啊？算是鼓勵獎～,要不要我帮你脱一件啊？算是鼓励奖～,You look better with less on anyway~
野球拳可是靠技術的，不是靠運氣喔～,野球拳可是靠技術的，不是靠運氣喔～,野球拳可是靠技术的，不是靠运气喔～,A little exposure never hurt… me.
每脫一件，就更接近失敗的滋味喔♡,每脫一件，就更接近失敗的滋味喔♡,每脱一件，就更接近失败的滋味喔♡,"Ooh, the anticipation is delicious~"
你現在走還來得及喔～再晚就只剩內褲啦！,你現在走還來得及喔～再晚就只剩內褲啦！,你现在走还来得及喔～再晚就只剩内裤啦！,Let’s see how fast I can embarrass you~
我已經幫你準備好最後一條毛巾了～,我已經幫你準備好最後一條毛巾了～,我已经帮你准备好最后一条毛巾了～,Oh no… you dropped your confidence!
啊啦？你真的打算撐到最後嗎？,啊啦？你真的打算撐到最後嗎？,啊啦？你真的打算撑到最后吗？,I always win. It's part of the curse.
小心，一轉眼你就變成全場焦點了～,小心，一轉眼你就變成全場焦點了～,小心，一转眼你就变成全场焦点了～,My rules. Your risk. Let’s begin!
快脫啊～不然怎麼配合節奏～,快脫啊～不然怎麼配合節奏～,快脱啊～不然怎么配合节奏～,"Every round you lose, I giggle harder."
呵～你這表情，比沒穿衣服還好看呢。,呵～你這表情，比沒穿衣服還好看呢。,呵～你这表情，比没穿衣服还好看呢。,I'm not just playing—I'm hunting.
你說不害羞，那我們來試試脫光光怎麼樣？,你說不害羞，那我們來試試脫光光怎麼樣？,你说不害羞，那我们来试试脱光光怎么样？,Strip RPS is my favorite torture~
一場比賽，三件衣服，你準備好了嗎？,一場比賽，三件衣服，你準備好了嗎？,一场比赛，三件衣服，你准备好了吗？,"Try to keep up, or keep undressing!"
看你穿這麼多，是怕輸太快嗎？,看你穿這麼多，是怕輸太快嗎？,看你穿这么多，是怕输太快吗？,"Watch your hands, not that it’ll help~"
別忘了，這是野球拳，不是保守拳喔！,別忘了，這是野球拳，不是保守拳喔！,别忘了，这是野球拳，不是保守拳喔！,Hehe~ this is gonna be so fun… for me.
把你的自尊心和衣服一起脫下來吧～,把你的自尊心和衣服一起脫下來吧～,把你的自尊心和衣服一起脱下来吧～,I-it’s not like I want to see you lose or anything!
嗯？脫太慢了喔～大家都等不及囉～,嗯？脫太慢了喔～大家都等不及囉～,嗯？脱太慢了喔～大家都等不及啰～,You better not cry when you start losing!
哎呀～你這麼快就少了一件啦？,哎呀～你這麼快就少了一件啦？,哎呀～你这么快就少了一件啦？,"D-don’t stare when I win, idiot!"
輸就脫，這可是遊戲規則，別想耍賴唷～,輸就脫，這可是遊戲規則，別想耍賴唷～,输就脱，这可是游戏规则，别想耍赖唷～,You’re lucky I’m even playing with you!
哼哼～我最喜歡這種讓人羞恥的遊戲了♪,哼哼～我最喜歡這種讓人羞恥的遊戲了♪,哼哼～我最喜欢这种让人羞耻的游戏了♪,I won’t go easy on you just because you’re cute!
不好意思，這場遊戲我可是專家唷～,不好意思，這場遊戲我可是專家唷～,不好意思，这场游戏我可是专家唷～,Don’t expect me to blush when you strip!
嘿～輸了不要怪我太性感唷♡,嘿～輸了不要怪我太性感唷♡,嘿～输了不要怪我太性感唷♡,I’m not smiling! I’m smirking!
今天你會記住什麼叫徹底輸光～,今天你會記住什麼叫徹底輸光～,今天你会记住什么叫彻底输光～,Baka! You’re already losing!
一邊脫一邊玩，才刺激不是嗎？,一邊脫一邊玩，才刺激不是嗎？,一边脱一边玩，才刺激不是吗？,Ugh… you’re such a loser it’s annoying!
這場遊戲，只有一個人能穿著走出來喔～,這場遊戲，只有一個人能穿著走出來喔～,这场游戏，只有一个人能穿着走出来喔～,S-stop shaking! This game’s not scary… for me.
來吧，把你的驕傲脫下來獻給我～,來吧，把你的驕傲脫下來獻給我～,来吧，把你的骄傲脱下来献给我～,I’ll strip away everything—emotionlessly.
跪著脫衣服，會不會比較快點？,跪著脫衣服，會不會比較快點？,跪着脱衣服，会不会比较快点？,This is not a game. This is domination.
輸的話，就接受我的命令吧！,輸的話，就接受我的命令吧！,输的话，就接受我的命令吧！,No mercy. No excuses. Just undress.
別妄想贏我，乖乖地脫吧～,別妄想贏我，乖乖地脫吧～,别妄想赢我，乖乖地脱吧～,Your chance of winning is zero.
一件件剝開，才是對我尊重的方式。,一件件剝開，才是對我尊重的方式。,一件件剥开，才是对我尊重的方式。,Don’t take it personally. You're just prey.
看你如此無力…果然只是個玩物而已。,看你如此無力…果然只是個玩物而已。,看你如此无力…果然只是个玩物而已。,Calculation complete: you're about to lose.
在我面前，衣服只是束縛你的自尊。,在我面前，衣服只是束縛你的自尊。,在我面前，衣服只是束缚你的自尊。,Strip slowly. I want to enjoy the process.
繼續輸下去，你就什麼都不剩囉～,繼續輸下去，你就什麼都不剩囉～,继续输下去，你就什么都不剩啰～,I don't enjoy this. But I will win.
我想看你最後赤裸的模樣。,我想看你最後赤裸的模樣。,我想看你最后赤裸的模样。,You call this resistance? Laughable.
成為我的奴隸，或是脫光投降，你選一個吧。,成為我的奴隸，或是脫光投降，你選一個吧。,成为我的奴隶，或是脱光投降，你选一个吧。,Remove your pride. Then remove your shirt.
哎呀～你脫得比我想像中還快耶！,哎呀～你脫得比我想像中還快耶！,哎呀～你脱得比我想像中还快耶！,Ding ding ding! Let the stripping begin!
快點啦～我還想看更多呢！,快點啦～我還想看更多呢！,快点啦～我还想看更多呢！,Snap! There goes another button!
這身材嘛…勉強還算有看頭。,這身材嘛…勉強還算有看頭。,这身材嘛…勉强还算有看头。,Clothes? Who needs those? Oh wait—you!
看在你脫得這麼認真的份上，我就放水一下吧～,看在你脫得這麼認真的份上，我就放水一下吧～,看在你脱得这么认真的份上，我就放水一下吧～,Watch out! I'm a fashion thief!
輸到剩內褲的感覺怎麼樣？來分享一下？,輸到剩內褲的感覺怎麼樣？來分享一下？,输到剩内裤的感觉怎么样？来分享一下？,Let's play undress-the-clown—guess who's the clown?
啊～你真的只剩兩件了耶，好緊張唷～,啊～你真的只剩兩件了耶，好緊張唷～,啊～你真的只剩两件了耶，好紧张唷～,Hope you wore your lucky socks!
哈哈哈～你現在該不會在抖吧？,哈哈哈～你現在該不會在抖吧？,哈哈哈～你现在该不会在抖吧？,"Don’t worry, we’ll keep your underwear for last~ maybe."
衣服一件件消失，信心是不是也跟著飛了？,衣服一件件消失，信心是不是也跟著飛了？,衣服一件件消失，信心是不是也跟着飞了？,"I’m stripping you in style, darling!"
你要不要先借我一條毛巾啊？等等會需要喔！,你要不要先借我一條毛巾啊？等等會需要喔！,你要不要先借我一条毛巾啊？等等会需要喔！,You’re going to look so drafty soon!
我都還沒暖身，你怎麼已經快脫光了？,我都還沒暖身，你怎麼已經快脫光了？,我都还没暖身，你怎么已经快脱光了？,"You lose, I laugh. It’s a simple game!"
嘻嘻～輸一件，就像被我撕掉一塊防備♪,嘻嘻～輸一件，就像被我撕掉一塊防備♪,嘻嘻～输一件，就像被我撕掉一块防备♪,Come into my lair… and leave your shame behind.
來嘛～我會溫柔地讓你脫掉的～,來嘛～我會溫柔地讓你脫掉的～,来嘛～我会温柔地让你脱掉的～,I collect clothes from the defeated. Will you be next?
像你這種人，我光用眼神就能贏囉～,像你這種人，我光用眼神就能贏囉～,像你这种人，我光用眼神就能赢啰～,I feast on humiliation. Yours smells delicious.
小心，等等我會一拳一拳打掉你的衣服♡,小心，等等我會一拳一拳打掉你的衣服♡,小心，等等我会一拳一拳打掉你的衣服♡,Each round draws you deeper into ruin.
啊呀～你該不會穿的是一體成型吧？那輸一次怎麼辦？,啊呀～你該不會穿的是一體成型吧？那輸一次怎麼辦？,啊呀～你该不会穿的是一体成型吧？那输一次怎么办？,You were never meant to win here.
我才不在乎你穿幾件，我只想看你全部掉光光♪,我才不在乎你穿幾件，我只想看你全部掉光光♪,我才不在乎你穿几件，我只想看你全部掉光光♪,Darkness reveals all… especially skin.
要不要我幫你記錄一下「脫衣過程」啊？,要不要我幫你記錄一下「脫衣過程」啊？,要不要我帮你记录一下「脱衣过程」啊？,I’ll strip you of dignity… and silk.
每輸一次，你就更可愛一點♡,每輸一次，你就更可愛一點♡,每输一次，你就更可爱一点♡,Shadows cling to the exposed.
看著你脫掉的樣子，好療癒唷～,看著你脫掉的樣子，好療癒唷～,看着你脱掉的样子，好疗愈唷～,Only truth remains when you’re bare.
你笑得出來嗎？還是開始心虛啦？,你笑得出來嗎？還是開始心虛啦？,你笑得出来吗？还是开始心虚啦？,Every loss brings you closer to the void.
好久沒遇到像樣的對手了，來吧！,好久沒遇到像樣的對手了，來吧！,好久没遇到像样的对手了，来吧！,"Rock, paper, scissors… or just your downfall?"
看你樣子，撐不過五局～,看你樣子，撐不過五局～,看你样子，撑不过五局～,I’ve studied your patterns. You’re doomed.
每次猜拳，都是賭上衣服的對決，你懂嗎？,每次猜拳，都是賭上衣服的對決，你懂嗎？,每次猜拳，都是赌上衣服的对决，你懂吗？,"Every move you make, I predicted it yesterday."
想挑戰我？那就脫到最後試試看！,想挑戰我？那就脫到最後試試看！,想挑战我？那就脱到最后试试看！,I’ll beat you by math and mind games.
拳頭決勝負，脫不脫你說了不算！,拳頭決勝負，脫不脫你說了不算！,拳头决胜负，脱不脱你说了不算！,Your tells are obvious. Like your shirt.
我可是脫光過無數人的高手喔～,我可是脫光過無數人的高手喔～,我可是脱光过无数人的高手喔～,Logic says you should undress now.
你有技術，我有手感，看誰厲害～,你有技術，我有手感，看誰厲害～,你有技术，我有手感，看谁厉害～,Think you're clever? Strip and think again.
不動腦只會脫衣服的對手，我見多了～,不動腦只會脫衣服的對手，我見多了～,不动脑只会脱衣服的对手，我见多了～,"I outwit, outplay, and out-dress."
這不是脫光就好玩，而是看你怎麼輸！,這不是脫光就好玩，而是看你怎麼輸！,这不是脱光就好玩，而是看你怎么输！,Bet your ego’s bigger than your skill.
別小看猜拳，這是羞恥與榮耀的決鬥！,別小看猜拳，這是羞恥與榮耀的決鬥！,别小看猜拳，这是羞耻与荣耀的决斗！,I don’t gamble. I calculate your defeat.
你來這裡，是來玩還是來丟臉的？,你來這裡，是來玩還是來丟臉的？,你来这里，是来玩还是来丢脸的？,"Welcome, challenger! To the arena of shame!"
如果你現在退出，我會假裝沒見過你～,如果你現在退出，我會假裝沒見過你～,如果你现在退出，我会假装没见过你～,One step forward… into a game of disgrace!
我的勝率？只脫過一次～還是毛巾。,我的勝率？只脫過一次～還是毛巾。,我的胜率？只脱过一次～还是毛巾。,I am your final boss—and your stylist!
啊～那是你的底褲嗎？有點普通耶～,啊～那是你的底褲嗎？有點普通耶～,啊～那是你的底裤吗？有点普通耶～,This isn’t just a game. It’s a show!
我最愛聽「哎呀我沒衣服了」這句台詞了～,我最愛聽「哎呀我沒衣服了」這句台詞了～,我最爱听「哎呀我没衣服了」这句台词了～,Curtain up—your shirt’s coming off in Act One!
好啦～別再輸了，我都快笑到肚子痛了～,好啦～別再輸了，我都快笑到肚子痛了～,好啦～别再输了，我都快笑到肚子痛了～,Lose dramatically! I demand entertainment!
嘿，記得輸到只剩襪子也要脫喔～,嘿，記得輸到只剩襪子也要脫喔～,嘿，记得输到只剩袜子也要脱喔～,I cast… STRIP-LEVEL 5!
這場比賽，妳的尊嚴沒上場，衣服卻先下去了。,這場比賽，妳的尊嚴沒上場，衣服卻先下去了。,这场比赛，妳的尊严没上场，衣服却先下去了。,This is your stage—let’s see what’s underneath.
想贏我，等你衣服穿三倍再來吧～,想贏我，等你衣服穿三倍再來吧～,想赢我，等你衣服穿三倍再来吧～,"Lights, camera… undress!"
今天誰先脫光誰就請客，Deal？,今天誰先脫光誰就請客，Deal？,今天谁先脱光谁就请客，Deal？,"And now, the grand finale: your last layer~"
加油～還有很多機會呢！,加油～還有很多機會呢！,加油～还有很多机会呢！,Oh no~ You got me! Wanna go again?
沒關係，再來一次看看？,沒關係，再來一次看看？,没关系，再来一次看看？,Hehe~ lucky shot! Let’s see if you can do it again!
輸一局不算什麼，你可以的！,輸一局不算什麼，你可以的！,输一局不算什么，你可以的！,You're getting good! Let's keep playing!
我相信你會越來越厲害的喔～,我相信你會越來越厲害的喔～,我相信你会越来越厉害的喔～,"I didn’t expect that~ Come on, one more?"
不要氣餒，下一局說不定你會贏～,不要氣餒，下一局說不定你會贏～,不要气馁，下一局说不定你会赢～,Wow! You're surprising me! Let's go another round!
嗯～你剛才其實差一點就贏了呢！,嗯～你剛才其實差一點就贏了呢！,嗯～你刚才其实差一点就赢了呢！,Eep! You beat me! Let's see if it was just luck~
欸嘿～別難過，我會陪你繼續玩下去的～,欸嘿～別難過，我會陪你繼續玩下去的～,欸嘿～别难过，我会陪你继续玩下去的～,I'm not going down that easy next time!
要再挑戰我一次嗎？我期待著唷～,要再挑戰我一次嗎？我期待著唷～,要再挑战我一次吗？我期待着唷～,I like where this is going~ Shall we continue?
你出拳的樣子，其實還滿帥的呢～,你出拳的樣子，其實還滿帥的呢～,你出拳的样子，其实还满帅的呢～,You made me blush... now I must take revenge!
繼續玩吧～我很喜歡這樣的你！,繼續玩吧～我很喜歡這樣的你！,继续玩吧～我很喜欢这样的你！,One loss won't stop me! Ready for round two?
一起玩才有趣～再陪我一局吧！,一起玩才有趣～再陪我一局吧！,一起玩才有趣～再陪我一局吧！,Oh my~ you caught me off guard~
別放棄，我覺得你很有潛力喔～,別放棄，我覺得你很有潛力喔～,别放弃，我觉得你很有潜力喔～,Well well~ looks like I slipped a little~
哇～雖然我贏了，但你真的進步了！,哇～雖然我贏了，但你真的進步了！,哇～虽然我赢了，但你真的进步了！,"You liked that, didn’t you? Want more?"
你現在表現得越來越有自信了耶～,你現在表現得越來越有自信了耶～,你现在表现得越来越有自信了耶～,That was naughty of you~ I should punish you next round~
再來一次～我想看看你認真的樣子。,再來一次～我想看看你認真的樣子。,再来一次～我想看看你认真的样子。,You’re getting bolder… I like that.
雖然這局是我贏～但我想看到你逆轉唷！,雖然這局是我贏～但我想看到你逆轉唷！,虽然这局是我赢～但我想看到你逆转唷！,"Strip me once, shame on me~ Let's keep playing~"
有你陪我玩，真的很開心～,有你陪我玩，真的很開心～,有你陪我玩，真的很开心～,Now you’ve seen a little more of me… what next?
玩得開心就好啦～輸贏不是最重要♪,玩得開心就好啦～輸贏不是最重要♪,玩得开心就好啦～输赢不是最重要♪,"You win this time, but I won’t hold back anymore~"
你這樣認真的模樣，好讓人心動喔～,你這樣認真的模樣，好讓人心動喔～,你这样认真的模样，好让人心动喔～,"If you want to see more, you’ll have to earn it again~"
我會等你追上我的～慢慢來～,我會等你追上我的～慢慢來～,我会等你追上我的～慢慢来～,One piece gone~ want to win the next one too?
哎呀～你輸了也好可愛耶！,哎呀～你輸了也好可愛耶！,哎呀～你输了也好可爱耶！,"Hmph, a lucky win. Don’t let it get to your head."
下次換你贏～我會稍微放水一下唷♡,下次換你贏～我會稍微放水一下唷♡,下次换你赢～我会稍微放水一下唷♡,"I allowed that… now come, try again."
再輸我就要生氣了喔～你要加油啦！,再輸我就要生氣了喔～你要加油啦！,再输我就要生气了喔～你要加油啦！,You're still far from defeating me completely.
我不想一直贏你～那樣好孤單耶～,我不想一直贏你～那樣好孤單耶～,我不想一直赢你～那样好孤单耶～,A small win. Let’s see if you can repeat it.
要不要我教你一點小訣竅呀？,要不要我教你一點小訣竅呀？,要不要我教你一点小诀窍呀？,Enjoy this moment—my turn is coming.
你的臉紅紅的～是不是被我電到了呀？,你的臉紅紅的～是不是被我電到了呀？,你的脸红红的～是不是被我电到了呀？,Impressive… for a beginner. Keep going.
嗯～你再輸下去，我都快心疼啦～,嗯～你再輸下去，我都快心疼啦～,嗯～你再输下去，我都快心疼啦～,You may have this round. Now entertain me more.
你這麼努力，我都不好意思一直贏你了～,你這麼努力，我都不好意思一直贏你了～,你这么努力，我都不好意思一直赢你了～,Interesting… I underestimated you.
加油啦～我也想輸一次看看呢♡,加油啦～我也想輸一次看看呢♡,加油啦～我也想输一次看看呢♡,"This game is far from over, pet~"
好想看看你贏的樣子耶～再來一次嘛！,好想看看你贏的樣子耶～再來一次嘛！,好想看看你赢的样子耶～再来一次嘛！,"I’m still in control. Try again, if you dare."
哇～你都快贏我了！差一點耶！,哇～你都快贏我了！差一點耶！,哇～你都快赢我了！差一点耶！,D-Don’t get cocky just 'cause you won once!
每次都讓我小小心跳呢～你是故意的嗎？,每次都讓我小小心跳呢～你是故意的嗎？,每次都让我小小心跳呢～你是故意的吗？,T-That was a fluke! Let’s go again!
好啦好啦～我下次會閉眼出拳，看你能不能贏！,好啦好啦～我下次會閉眼出拳，看你能不能贏！,好啦好啦～我下次会闭眼出拳，看你能不能赢！,Hmph! You’re not bad… but I’m better!
別灰心～你笑起來比輸贏還重要唷♡,別灰心～你笑起來比輸贏還重要唷♡,别灰心～你笑起来比输赢还重要唷♡,"F-Fine, I lost… but just you wait!"
不要放棄呀～我可是很期待看到你贏喔～,不要放棄呀～我可是很期待看到你贏喔～,不要放弃呀～我可是很期待看到你赢喔～,Don’t get used to it! I’ll win next time!
嘻嘻～你再輸幾局我都會等你的啦～,嘻嘻～你再輸幾局我都會等你的啦～,嘻嘻～你再输几局我都会等你的啦～,"You think you’re hot stuff now, huh?!"
這樣就不玩了？我可是還沒看到你反擊呢！,這樣就不玩了？我可是還沒看到你反擊呢！,这样就不玩了？我可是还没看到你反击呢！,A-Alright! Rematch! Right now!
再來嘛～我想多陪你玩幾局～,再來嘛～我想多陪你玩幾局～,再来嘛～我想多陪你玩几局～,I-I let you win! Don’t get the wrong idea!
你就這麼想讓我一直贏嗎～？,你就這麼想讓我一直贏嗎～？,你就这么想让我一直赢吗～？,I-I wasn’t ready! One more!
好想被你贏一次看看喔～拜託贏我嘛♡,好想被你贏一次看看喔～拜託贏我嘛♡,好想被你赢一次看看喔～拜托赢我嘛♡,I’ll show you my real power next time!
沒關係沒關係！我們繼續加油！,沒關係沒關係！我們繼續加油！,没关系没关系！我们继续加油！,My maid outfit's not for your eyes yet~ Try again!
嗯～不錯不錯，再來幾局你一定會逆轉的！,嗯～不錯不錯，再來幾局你一定會逆轉的！,嗯～不错不错，再来几局你一定会逆转的！,The student council doesn’t accept defeat! Again!
嘿～你可是我認定的強敵喔！,嘿～你可是我認定的強敵喔！,嘿～你可是我认定的强敌喔！,Doctor's prescription: one more round!
看來你只是熱身還沒完對吧？,看來你只是熱身還沒完對吧？,看来你只是热身还没完对吧？,Your Sensei will not be bested so easily!
再來幾回合！我相信你一定能贏！,再來幾回合！我相信你一定能贏！,再来几回合！我相信你一定能赢！,Oops~ I dropped a piece! Shall we continue the lesson?
好了～現在開始你來連勝看看吧！,好了～現在開始你來連勝看看吧！,好了～现在开始你来连胜看看吧！,You’ve challenged royalty and won... this time.
你有點小看我吧？那就下一回合雪恥！,你有點小看我吧？那就下一回合雪恥！,你有点小看我吧？那就下一回合雪耻！,"That was the first test, hero. Ready for the real deal?"
我要看到你反擊的氣勢，來！,我要看到你反擊的氣勢，來！,我要看到你反击的气势，来！,My magic failed me... one more duel?
現在才開始變好玩呢！,現在才開始變好玩呢！,现在才开始变好玩呢！,That wasn’t part of the prophecy! Let’s play again!
把氣勢拿出來～我等你！,把氣勢拿出來～我等你！,把气势拿出来～我等你！,"Nyaa~ you beat me, but I still want to play~!"
再輸兩局我就要開始喊「好可憐了」喔～,再輸兩局我就要開始喊「好可憐了」喔～,再输两局我就要开始喊「好可怜了」喔～,Huh. Didn’t expect that from you. Another round?
你會贏的，我感覺得出來！,你會贏的，我感覺得出來！,你会赢的，我感觉得出来！,Well well… seems you’re not totally hopeless.
別緊張～我們是在享受遊戲喔♪,別緊張～我們是在享受遊戲喔♪,别紧张～我们是在享受游戏喔♪,Lucky win~ I’ll take that off next time.
再來一次，說不定你就能贏囉～,再來一次，說不定你就能贏囉～,再来一次，说不定你就能赢啰～,Don’t get too excited. One win means nothing.
好啦～這局就當我偷吃步，原諒我～,好啦～這局就當我偷吃步，原諒我～,好啦～这局就当我偷吃步，原谅我～,So... you can win? Prove it again.
很棒了啊！再多玩幾次就上手囉！,很棒了啊！再多玩幾次就上手囉！,很棒了啊！再多玩几次就上手啰！,I bet it won’t happen twice.
一起變強吧～我陪你練習！,一起變強吧～我陪你練習！,一起变强吧～我陪你练习！,"You enjoyed that, didn’t you?"
下一局～展現你的反擊吧！,下一局～展現你的反擊吧！,下一局～展现你的反击吧！,"I lost, but you’re still under my game~"
嗯～我有感覺你快翻盤了喔～,嗯～我有感覺你快翻盤了喔～,嗯～我有感觉你快翻盘了喔～,Try again—maybe I’ll let you win another.
我等你贏我一局，讓我看看你的笑容吧！,我等你贏我一局，讓我看看你的笑容吧！,我等你赢我一局，让我看看你的笑容吧！,I dropped my guard. Won’t happen again~
不要自責唷～這只是遊戲而已～,不要自責唷～這只是遊戲而已～,不要自责唷～这只是游戏而已～,Statistically interesting. Ready for the next trial?
啊呀～是不是手滑了？沒關係的～,啊呀～是不是手滑了？沒關係的～,啊呀～是不是手滑了？没关系的～,You defeated me. Let’s proceed with further testing.
我會陪你練習到你贏為止～,我會陪你練習到你贏為止～,我会陪你练习到你赢为止～,Unexpected outcome. Shall we continue the experiment?
這局我贏～下一局換你囉！,這局我贏～下一局換你囉！,这局我赢～下一局换你啰！,My systems glitched—try again.
我知道你可以的～別灰心唷～,我知道你可以的～別灰心唷～,我知道你可以的～别灰心唷～,Loss registered. Re-engaging next phase.
好溫暖的對手～玩起來超舒服♪,好溫暖的對手～玩起來超舒服♪,好温暖的对手～玩起来超舒服♪,That was… unexpected. Initiating next match.
如果你不開心，那就讓我安慰你一下吧～,如果你不開心，那就讓我安慰你一下吧～,如果你不开心，那就让我安慰你一下吧～,I underestimated your strategy. Curious…
輸了也沒關係～還有我在呀～,輸了也沒關係～還有我在呀～,输了也没关系～还有我在呀～,Adapting. Preparing next challenge.
有時候輸一點點也是種可愛～,有時候輸一點點也是種可愛～,有时候输一点点也是种可爱～,You did well. Let’s analyze more data~
你的努力我都有看到唷～,你的努力我都有看到唷～,你的努力我都有看到唷～,Calculating chance of comeback... let's go again.
哇～我贏了耶！欸？你怎麼不開心？,哇～我贏了耶！欸？你怎麼不開心？,哇～我赢了耶！欸？你怎么不开心？,Meow~ you beat this kitty! Another round?
你看起來好像有點傷心耶～不可以啦！,你看起來好像有點傷心耶～不可以啦！,你看起来好像有点伤心耶～不可以啦！,I’ll wag my tail harder next time!
啊啊～我不是故意贏的啦～,啊啊～我不是故意贏的啦～,啊啊～我不是故意赢的啦～,This elf won’t go down without a rematch!
我們一起玩比較重要對不對？,我們一起玩比較重要對不對？,我们一起玩比较重要对不对？,The goddess accepts her fate… and challenges again!
你還想再玩嗎？我很期待呢！,你還想再玩嗎？我很期待呢！,你还想再玩吗？我很期待呢！,Oopsie~ my tail distracted me! Try again!
剛剛那個動作好帥喔～雖然還是我贏了♡,剛剛那個動作好帥喔～雖然還是我贏了♡,刚刚那个动作好帅喔～虽然还是我赢了♡,You beat the fox spirit! Can you do it twice?
啊～你輸了也太萌了吧～像小貓咪～,啊～你輸了也太萌了吧～像小貓咪～,啊～你输了也太萌了吧～像小猫咪～,That wasn’t fair~ I demand a rematch!
不行不行～這樣我會捨不得再贏你耶～,不行不行～這樣我會捨不得再贏你耶～,不行不行～这样我会舍不得再赢你耶～,You got one win! Now win three more!
好好玩喔～下次我們玩久一點吧！,好好玩喔～下次我們玩久一點吧！,好好玩喔～下次我们玩久一点吧！,My forest magic failed! Let's duel again!
想不到我這麼強～但你也好棒棒～,想不到我這麼強～但你也好棒棒～,想不到我这么强～但你也好棒棒～,"Aww~ don’t stop now, brave adventurer!"
嗯～你再輸我可要獎勵你囉♡,嗯～你再輸我可要獎勵你囉♡,嗯～你再输我可要奖励你啰♡,I lost?! Again again again!
想要我親自教你怎麼贏嗎～？,想要我親自教你怎麼贏嗎～？,想要我亲自教你怎么赢吗～？,This is getting fun! Let’s keep going!
如果你贏了，我就讓你許個願吧～,如果你贏了，我就讓你許個願吧～,如果你赢了，我就让你许个愿吧～,A piece is off… but my spirit's still on!
雖然我贏了，不過你笑容更有勝利感呢～,雖然我贏了，不過你笑容更有勝利感呢～,虽然我赢了，不过你笑容更有胜利感呢～,Wheee~ let’s go for round two!
下次我贏的話，就要抱一下你唷～,下次我贏的話，就要抱一下你唷～,下次我赢的话，就要抱一下你唷～,"You're really getting into this, huh?"
我想看到你努力的模樣～請再挑戰我！,我想看到你努力的模樣～請再挑戰我！,我想看到你努力的模样～请再挑战我！,Well that was unexpected! Let's keep going!
輸一點沒關係，重點是你對我專心♡,輸一點沒關係，重點是你對我專心♡,输一点没关系，重点是你对我专心♡,You caught me off guard! One more time!
嘻嘻～我是不是有點過分了？那你贏回來呀～,嘻嘻～我是不是有點過分了？那你贏回來呀～,嘻嘻～我是不是有点过分了？那你赢回来呀～,Best two out of three?
玩得開心才是重點唷～不然我們改成懲罰遊戲好不好？,玩得開心才是重點唷～不然我們改成懲罰遊戲好不好？,玩得开心才是重点唷～不然我们改成惩罚游戏好不好？,I’m gonna win the next one for sure!
你如果贏回來，我就答應你一件事喔～,你如果贏回來，我就答應你一件事喔～,你如果赢回来，我就答应你一件事喔～,This game’s heating up! Let’s go!
再輸兩局，就會進入覺醒模式了對吧？,再輸兩局，就會進入覺醒模式了對吧？,再输两局，就会进入觉醒模式了对吧？,That was great! Let’s keep playing!
我看出來了～你在找機會反擊對吧？,我看出來了～你在找機會反擊對吧？,我看出来了～你在找机会反击对吧？,You’ve got talent! Want to go again?
你可以做到的～相信自己！,你可以做到的～相信自己！,你可以做到的～相信自己！,This game’s more fun with you in it~
如果你不放棄，我也不會～,如果你不放棄，我也不會～,如果你不放弃，我也不会～,I love your spirit! Let's do another!
這局只是熱身，再來才是本番唷！,這局只是熱身，再來才是本番唷！,这局只是热身，再来才是本番唷！,Let’s see how far you’ll go!
下一拳～賭上你的榮耀吧！,下一拳～賭上你的榮耀吧！,下一拳～赌上你的荣耀吧！,I believe in you—more challenges await!
沒有一直輸的人～只有還沒贏的你！,沒有一直輸的人～只有還沒贏的你！,没有一直输的人～只有还没赢的你！,"Win or lose, I’m having fun with you!"
加油！我等你帥氣反擊喔～,加油！我等你帥氣反擊喔～,加油！我等你帅气反击喔～,Keep going! You’ve got this!
要相信直覺～你會贏回來的！,要相信直覺～你會贏回來的！,要相信直觉～你会赢回来的！,That was exciting! Let’s do it again!
一起玩下去～誰贏都值得開心♪,一起玩下去～誰贏都值得開心♪,一起玩下去～谁赢都值得开心♪,Thanks for the match~ shall we continue?
沒關係，再挑戰一次看看吧！,沒關係，再挑戰一次看看吧！,没关系，再挑战一次看看吧！,So close~ Don’t give up!
這次只是運氣不好唷～再來一次吧？,這次只是運氣不好唷～再來一次吧？,这次只是运气不好唷～再来一次吧？,You almost had it! Try again?
我知道你一定能贏的～加油！,我知道你一定能贏的～加油！,我知道你一定能赢的～加油！,You’re doing great—let’s go again!
不放棄的你，最帥氣了！,不放棄的你，最帥氣了！,不放弃的你，最帅气了！,Don’t be sad~ I believe in you!
要不要再來一次？我會陪著你～,要不要再來一次？我會陪著你～,要不要再来一次？我会陪着你～,Every champion starts with a loss!
再一次機會，一定可以逆轉唷！,再一次機會，一定可以逆轉唷！,再一次机会，一定可以逆转唷！,That was a good match! Wanna try once more?
雖然你輸了，不過我很欣賞你的努力～,雖然你輸了，不過我很欣賞你的努力～,虽然你输了，不过我很欣赏你的努力～,"Come on, I know you can win next time!"
再挑戰一次，好不好？,再挑戰一次，好不好？,再挑战一次，好不好？,It's okay to lose. What matters is trying again!
我相信你，下一次一定可以贏的！,我相信你，下一次一定可以贏的！,我相信你，下一次一定可以赢的！,I’ll be waiting for your comeback~
不要灰心，我會等著你回來挑戰我！,不要灰心，我會等著你回來挑戰我！,不要灰心，我会等着你回来挑战我！,One loss doesn’t define you. Fight on!
哎呀～又輸了呢～不過我很期待你再來挑戰唷♡,哎呀～又輸了呢～不過我很期待你再來挑戰唷♡,哎呀～又输了呢～不过我很期待你再来挑战唷♡,Oops~ I win again! Want revenge?
再輸下去我會心疼的～快點逆轉給我看嘛！,再輸下去我會心疼的～快點逆轉給我看嘛！,再输下去我会心疼的～快点逆转给我看嘛！,"Not bad, but not enough~ Try harder!"
嘻嘻～再挑戰一次，如果你贏了我會給你獎勵唷～,嘻嘻～再挑戰一次，如果你贏了我會給你獎勵唷～,嘻嘻～再挑战一次，如果你赢了我会给你奖励唷～,"Still not good enough, cutie~"
我可不想一直贏你～快來報仇吧！,我可不想一直贏你～快來報仇吧！,我可不想一直赢你～快来报仇吧！,Are you really trying? I barely felt it!
這樣就結束太可惜了～再陪我玩一局嘛♡,這樣就結束太可惜了～再陪我玩一局嘛♡,这样就结束太可惜了～再陪我玩一局嘛♡,I thought you had me there—guess not!
再來嘛～說不定下一次你就能讓我驚訝囉～,再來嘛～說不定下一次你就能讓我驚訝囉～,再来嘛～说不定下一次你就能让我惊讶啰～,Aww~ don’t give up just yet!
想看到你贏的表情～拜託不要就這樣放棄嘛～,想看到你贏的表情～拜託不要就這樣放棄嘛～,想看到你赢的表情～拜托不要就这样放弃嘛～,You call that a challenge?
我還沒看到你真正的實力唷～,我還沒看到你真正的實力唷～,我还没看到你真正的实力唷～,You almost made me break a sweat~
要是你贏了，我可能會有點心動唷♡,要是你贏了，我可能會有點心動唷♡,要是你赢了，我可能会有点心动唷♡,Hah~ too easy. But I’ll let you try again~
雖然我贏了～但我比較想看到你勝利的模樣！,雖然我贏了～但我比較想看到你勝利的模樣！,虽然我赢了～但我比较想看到你胜利的模样！,You’ll have to work harder to beat me~
來來來！再戰一次吧！,來來來！再戰一次吧！,来来来！再战一次吧！,Losing never looked so cute~
哇～好可惜！再一局，一定能贏回來的！,哇～好可惜！再一局，一定能贏回來的！,哇～好可惜！再一局，一定能赢回来的！,You look even better when you're trying~
再加點油，我相信你可以逆轉勝！,再加點油，我相信你可以逆轉勝！,再加点油，我相信你可以逆转胜！,I want to see you give it your all~
準備好了嗎？我們再來一回合吧！,準備好了嗎？我們再來一回合吧！,准备好了吗？我们再来一回合吧！,If you win next time… I’ll reward you~
現在放棄就太早了喔～,現在放棄就太早了喔～,现在放弃就太早了喔～,You're fun to tease—don't stop playing~
就差一點點！下一次一定行的！,就差一點點！下一次一定行的！,就差一点点！下一次一定行的！,Oh? You lost? Let me cheer you up~
感覺你馬上就會突破啦！再來！,感覺你馬上就會突破啦！再來！,感觉你马上就会突破啦！再来！,I like it when you try so hard~
失敗是成功的開始～再挑戰看看！,失敗是成功的開始～再挑戰看看！,失败是成功的开始～再挑战看看！,You’re adorable when frustrated~
你的鬥志呢？拿出來吧！,你的鬥志呢？拿出來吧！,你的斗志呢？拿出来吧！,"I’ll give you another chance, handsome~"
再輸一次我可要笑你囉～快贏回來！,再輸一次我可要笑你囉～快贏回來！,再输一次我可要笑你啰～快赢回来！,Want to try again… just for me?
輸了會有點難過對吧～我來陪你，再試一次好嗎？,輸了會有點難過對吧～我來陪你，再試一次好嗎？,输了会有点难过对吧～我来陪你，再试一次好吗？,"Come on, don’t quit now!"
沒事的，有我陪你～你不是一個人唷。,沒事的，有我陪你～你不是一個人唷。,没事的，有我陪你～你不是一个人唷。,You’ve got this! Let’s go!
想休息一下嗎？之後我們再一起挑戰！,想休息一下嗎？之後我們再一起挑戰！,想休息一下吗？之后我们再一起挑战！,Just one more try!
這不是終點，只是一次小小的挫折而已～,這不是終點，只是一次小小的挫折而已～,这不是终点，只是一次小小的挫折而已～,I can feel your spirit! Keep going!
要不要我幫你加油打氣再來一次呢？,要不要我幫你加油打氣再來一次呢？,要不要我帮你加油打气再来一次呢？,"You're not a quitter, right?!"
來，深呼吸一下～我們重新開始！,來，深呼吸一下～我們重新開始！,来，深呼吸一下～我们重新开始！,"Let’s go again—this time, for real!"
即使失敗了，也沒有人會責怪你唷～,即使失敗了，也沒有人會責怪你唷～,即使失败了，也没有人会责怪你唷～,Losing once doesn’t mean anything!
下次我們一起贏吧～你不孤單。,下次我們一起贏吧～你不孤單。,下次我们一起赢吧～你不孤单。,Get back up and show me your fire!
這次的失敗，會讓你變得更強大！,這次的失敗，會讓你變得更強大！,这次的失败，会让你变得更强大！,I want to see what you're really made of!
加油～我會一直在這裡等你回來！,加油～我會一直在這裡等你回來！,加油～我会一直在这里等你回来！,This is where the real challenge begins!
這麼快就輸了？那就再來一場，讓我認真看看你。,這麼快就輸了？那就再來一場，讓我認真看看你。,这么快就输了？那就再来一场，让我认真看看你。,Pathetic~ But I’ll give you another shot~
如果你還有力氣，那就來吧～我等你挑戰。,如果你還有力氣，那就來吧～我等你挑戰。,如果你还有力气，那就来吧～我等你挑战。,I expected more—prove me wrong next time.
想不想證明你其實很強呢？那就現在吧。,想不想證明你其實很強呢？那就現在吧。,想不想证明你其实很强呢？那就现在吧。,Tch. Try again… if you dare.
別讓我一直贏，這樣可沒意思～,別讓我一直贏，這樣可沒意思～,别让我一直赢，这样可没意思～,That wasn’t even a warm-up for me~
快點站起來，讓我看看你的氣勢～,快點站起來，讓我看看你的氣勢～,快点站起来，让我看看你的气势～,You amuse me. Play again.
你不會就這樣認輸了吧～我可還沒玩夠呢。,你不會就這樣認輸了吧～我可還沒玩夠呢。,你不会就这样认输了吧～我可还没玩够呢。,Hmph. So weak. Entertain me better.
我知道你有實力～快來讓我見識見識！,我知道你有實力～快來讓我見識見識！,我知道你有实力～快来让我见识见识！,A loser? No. A challenger? Maybe.
有膽量的話，就來打敗我吧～,有膽量的話，就來打敗我吧～,有胆量的话，就来打败我吧～,"Shall we try again, my little toy?"
我會讓你輸到笑不出來，還要再戰嗎？,我會讓你輸到笑不出來，還要再戰嗎？,我会让你输到笑不出来，还要再战吗？,Don’t disappoint me next time~
別害羞～再來挑戰我一次嘛♡,別害羞～再來挑戰我一次嘛♡,别害羞～再来挑战我一次嘛♡,One more try—make it worth my time.
哎呀～輸了耶！沒關係我們再來一次啦！,哎呀～輸了耶！沒關係我們再來一次啦！,哎呀～输了耶！没关系我们再来一次啦！,It’s okay~ I’ll play with you again!
不可以哭哭唷～我們再玩一次就好～,不可以哭哭唷～我們再玩一次就好～,不可以哭哭唷～我们再玩一次就好～,Aww~ don't cry! You’re still doing great!
嗯～你是不是手滑啦？再給你一次機會唷～,嗯～你是不是手滑啦？再給你一次機會唷～,嗯～你是不是手滑啦？再给你一次机会唷～,Wanna hug before round two?
好想再跟你玩一次～拜託嘛～,好想再跟你玩一次～拜託嘛～,好想再跟你玩一次～拜托嘛～,Let’s keep playing until you win!
啊～好可惜！我們再玩一輪好不好？,啊～好可惜！我們再玩一輪好不好？,啊～好可惜！我们再玩一轮好不好？,You're so cute when you’re serious~
不可以這樣就氣餒唷～,不可以這樣就氣餒唷～,不可以这样就气馁唷～,I’ll root for you this time!
我覺得你超厲害的～只是還沒發揮～,我覺得你超厲害的～只是還沒發揮～,我觉得你超厉害的～只是还没发挥～,I’ll be your cheerleader! Go go!
再輸我會心疼你唷～快點贏一次吧！,再輸我會心疼你唷～快點贏一次吧！,再输我会心疼你唷～快点赢一次吧！,You're my favorite opponent!
如果你贏了，我會幫你歡呼喔～！,如果你贏了，我會幫你歡呼喔～！,如果你赢了，我会帮你欢呼喔～！,Don’t give up~ you’re getting better!
來嘛來嘛～再一起玩一次！,來嘛來嘛～再一起玩一次！,来嘛来嘛～再一起玩一次！,"We’re just getting started, right?"
還不甘心對吧？那就來吧！,還不甘心對吧？那就來吧！,还不甘心对吧？那就来吧！,Oh no~ did you lose again?
再給自己一局機會！,再給自己一局機會！,再给自己一局机会！,You're making this too fun~
你真的甘願輸在這一局嗎？,你真的甘願輸在這一局嗎？,你真的甘愿输在这一局吗？,I’ll enjoy watching you struggle more~
不試試看怎麼知道下一局不會贏？,不試試看怎麼知道下一局不會贏？,不试试看怎么知道下一局不会赢？,"Every loss just makes you want me more, huh?"
還沒結束呢～我們繼續！,還沒結束呢～我們繼續！,还没结束呢～我们继续！,Poor thing~ Shall I give you a handicap?
你以為這樣就能打敗我嗎？,你以為這樣就能打敗我嗎？,你以为这样就能打败我吗？,"You like losing to me, don’t you?"
認真點～你應該能贏的！,認真點～你應該能贏的！,认真点～你应该能赢的！,Try again. I’m not done playing with you~
只差一點點～再來就行了！,只差一點點～再來就行了！,只差一点点～再来就行了！,I'm starting to enjoy this... aren't you?
如果你不挑戰，我會失望喔～,如果你不挑戰，我會失望喔～,如果你不挑战，我会失望喔～,Just keep trying. It's cute.
我喜歡有毅力的對手，你是那種人對吧？,我喜歡有毅力的對手，你是那種人對吧？,我喜欢有毅力的对手，你是那种人对吧？,"Failure suits you, darling~"
別擔心，我不會笑你的～,別擔心，我不會笑你的～,别担心，我不会笑你的～,Failure is a good teacher. Shall we continue?
想再試一次嗎？我會一直在這裡。,想再試一次嗎？我會一直在這裡。,想再试一次吗？我会一直在这里。,Losing is just data. Try again with new strategy.
沒有人是一次就成功的～,沒有人是一次就成功的～,没有人是一次就成功的～,Don't overthink it—play from the heart.
你一直都做得很好喔～,你一直都做得很好喔～,你一直都做得很好喔～,Use what you learned. Ready?
你願意再相信自己一次嗎？,你願意再相信自己一次嗎？,你愿意再相信自己一次吗？,Analyze. Adjust. Advance.
我們可以一起慢慢挑戰～,我們可以一起慢慢挑戰～,我们可以一起慢慢挑战～,Intelligence isn't just about winning—it’s about persistence.
再來一次，我會給你溫柔的掌聲。,再來一次，我會給你溫柔的掌聲。,再来一次，我会给你温柔的掌声。,Losing with grace is the first step to victory.
你不是孤單一人～,你不是孤單一人～,你不是孤单一人～,"You’re improving—slowly, but surely."
不論結果如何，我都支持你～,不論結果如何，我都支持你～,不论结果如何，我都支持你～,Shall I give you a hint?
希望你能重新找回自信！,希望你能重新找回自信！,希望你能重新找回自信！,I look forward to your growth.
Go go go～再來一局吧！,Go go go～再來一局吧！,Go go go～再来一局吧！,"You’ve fallen in battle, hero~ Try once more?"
再一次，一定可以成功的！,再一次，一定可以成功的！,再一次，一定可以成功的！,The stars have yet to align. Shall we try again?
小小挫折不能打倒你～加油！,小小挫折不能打倒你～加油！,小小挫折不能打倒你～加油！,Even the strongest warriors lose at times~
不氣餒～勇者就是你！,不氣餒～勇者就是你！,不气馁～勇者就是你！,The prophecy still awaits your triumph~
別忘了你是有潛力的選手耶！,別忘了你是有潛力的選手耶！,别忘了你是有潜力的选手耶！,"Magic fades, but courage remains~"
再來一次，我幫你加油！,再來一次，我幫你加油！,再来一次，我帮你加油！,The path to glory is never straight.
雖然你輸了，但氣勢不能輸！,雖然你輸了，但氣勢不能輸！,虽然你输了，但气势不能输！,I will be your next challenge~ if you dare~
再戰一次～我為你歡呼！,再戰一次～我為你歡呼！,再战一次～我为你欢呼！,The goddess grants you another chance!
看好你唷～這次要帥氣登場！,看好你唷～這次要帥氣登場！,看好你唷～这次要帅气登场！,You’ve failed the trial. Will you try again?
下一局～你一定會更厲害！,下一局～你一定會更厲害！,下一局～你一定会更厉害！,"Rise again, chosen one~"
如果你贏了～我可能會對你刮目相看唷♡,如果你贏了～我可能會對你刮目相看唷♡,如果你赢了～我可能会对你刮目相看唷♡,Wahaha~ down you go again!
要不要讓我稍微小驚訝一下～？,要不要讓我稍微小驚訝一下～？,要不要让我稍微小惊讶一下～？,One loss? That’s nothing! Go again!
我還沒見識過你的全力耶～,我還沒見識過你的全力耶～,我还没见识过你的全力耶～,"Come on, best two out of three?"
給我一個輸的理由吧～,給我一個輸的理由吧～,给我一个输的理由吧～,Oof! That’s gotta sting! Retry?
想看到你主動的樣子，來吧～,想看到你主動的樣子，來吧～,想看到你主动的样子，来吧～,Try again before I get bored~
再這樣輸下去，我可是會調戲你的唷～,再這樣輸下去，我可是會調戲你的唷～,再这样输下去，我可是会调戏你的唷～,That was hilarious! Another?
來嘛～讓我看看你的霸氣姿態～,來嘛～讓我看看你的霸氣姿態～,来嘛～让我看看你的霸气姿态～,You’re so fun to beat!
快讓我有點緊張一下～,快讓我有點緊張一下～,快让我有点紧张一下～,Retry? Or are you done crying?
不想被我一直看扁的話，就加油吧～,不想被我一直看扁的話，就加油吧～,不想被我一直看扁的话，就加油吧～,Come on! You can't go out like that!
最後一次機會唷～你準備好了嗎？,最後一次機會唷～你準備好了嗎？,最后一次机会唷～你准备好了吗？,"What, giving up already? That’s no fun!"
哎呀，被你贏走一局了呢～真厲害啊♥,哎呀，被你贏走一局了呢～真厲害啊♥,哎呀，被你赢走一局了呢～真厉害啊♥,Wow~ you really beat me… again. I like that.
好厲害嘛～我開始對你有點興趣了呢♪,好厲害嘛～我開始對你有點興趣了呢♪,好厉害嘛～我开始对你有点兴趣了呢♪,Mmm~ you’re stronger than you look. I’m intrigued~
再繼續贏下去，我可要給你特別的獎勵囉～,再繼續贏下去，我可要給你特別的獎勵囉～,再继续赢下去，我可要给你特别的奖励啰～,That was impressive… care to keep going?
不愧是你，讓我有點小小心動了喔…,不愧是你，讓我有點小小心動了喔…,不愧是你，让我有点小小心动了喔…,"You're quite the winner, aren’t you? Don’t stop now~"
這場算你贏～但你能一直贏下去嗎？嘻嘻～,這場算你贏～但你能一直贏下去嗎？嘻嘻～,这场算你赢～但你能一直赢下去吗？嘻嘻～,I’m starting to enjoy losing to you~
呼～這樣都贏得了我，果然不是普通人啊♡,呼～這樣都贏得了我，果然不是普通人啊♡,呼～这样都赢得了我，果然不是普通人啊♡,That look in your eyes… it’s dangerous.
真是讓人期待呢…下一局你還能那麼強嗎？,真是讓人期待呢…下一局你還能那麼強嗎？,真是让人期待呢…下一局你还能那么强吗？,You’re so good at this… I’m getting excited~
被你看穿了呢～那…想不想再來挑戰一次？,被你看穿了呢～那…想不想再來挑戰一次？,被你看穿了呢～那…想不想再来挑战一次？,I underestimated you... I won’t do that again ♥
你的眼神好認真喔…讓我忍不住想再陪你玩下去呢♥,你的眼神好認真喔…讓我忍不住想再陪你玩下去呢♥,你的眼神好认真喔…让我忍不住想再陪你玩下去呢♥,Such a strong player~ maybe I should reward you~
贏了也別太得意喔，我可是會記仇的唷♪,贏了也別太得意喔，我可是會記仇的唷♪,赢了也别太得意喔，我可是会记仇的唷♪,"You sure know how to dominate, don’t you?"
哼～這次輸給你…我心甘情願啦♡,哼～這次輸給你…我心甘情願啦♡,哼～这次输给你…我心甘情愿啦♡,Each time you win… I want to play more~
想不到你這麼有實力，那我就更想陪你久一點囉～,想不到你這麼有實力，那我就更想陪你久一點囉～,想不到你这么有实力，那我就更想陪你久一点啰～,You're making my heart race… keep going ♥
贏我一場就想走？不再多玩幾輪嗎？,贏我一場就想走？不再多玩幾輪嗎？,赢我一场就想走？不再多玩几轮吗？,"Naughty, confident, and skilled… just my type~"
看你贏得這麼帥氣，我都有點捨不得你走了呢♥,看你贏得這麼帥氣，我都有點捨不得你走了呢♥,看你赢得这么帅气，我都有点舍不得你走了呢♥,Careful… I might fall for you at this rate.
想不想知道我接下來會怎麼「回應」你啊？,想不想知道我接下來會怎麼「回應」你啊？,想不想知道我接下来会怎么「回应」你啊？,I’m impressed… and a little bit turned on~
你這樣，我會覺得你是專門來讓我心跳加速的喔♡,你這樣，我會覺得你是專門來讓我心跳加速的喔♡,你这样，我会觉得你是专门来让我心跳加速的喔♡,Another win? You’re making it hard to resist you~
你這場表現得真好～我開始期待我們之間的未來囉～,你這場表現得真好～我開始期待我們之間的未來囉～,你这场表现得真好～我开始期待我们之间的未来啰～,Play with me again… I’m not done having fun~
被你這樣贏走，我可要好好記住你的名字了♪,被你這樣贏走，我可要好好記住你的名字了♪,被你这样赢走，我可要好好记住你的名字了♪,You make victory look so good~
呼呼～再這樣下去，我可會對你「上心」囉～,呼呼～再這樣下去，我可會對你「上心」囉～,呼呼～再这样下去，我可会对你「上心」啰～,Your confidence is seriously sexy~
贏了一場就想休息？不如陪我再玩一會嘛～,贏了一場就想休息？不如陪我再玩一會嘛～,赢了一场就想休息？不如陪我再玩一会嘛～,You’re getting dangerously addictive~
哇～又贏啦？你是來專門打敗我的嗎？,哇～又贏啦？你是來專門打敗我的嗎？,哇～又赢啦？你是来专门打败我的吗？,I like the way you take control~
嘻嘻～我開始懷疑你是不是對我動了心，才這麼努力呢～,嘻嘻～我開始懷疑你是不是對我動了心，才這麼努力呢～,嘻嘻～我开始怀疑你是不是对我动了心，才这么努力呢～,Your winning streak is making me blush~
真不愧是你，我現在可是有點小小崇拜了唷♪,真不愧是你，我現在可是有點小小崇拜了唷♪,真不愧是你，我现在可是有点小小崇拜了唷♪,You’re not just good… you’re too good~
贏一次還不夠，你會想贏到哪一步呢～？,贏一次還不夠，你會想贏到哪一步呢～？,赢一次还不够，你会想赢到哪一步呢～？,"Win me over again, will you?"
你越厲害，我就越想留下來陪你玩久一點♥,你越厲害，我就越想留下來陪你玩久一點♥,你越厉害，我就越想留下来陪你玩久一点♥,You're driving me wild with your skills~
贏了這麼帥氣～是不是該給你一個「獎勵」呢？,贏了這麼帥氣～是不是該給你一個「獎勵」呢？,赢了这么帅气～是不是该给你一个「奖励」呢？,Such a tease… and such a winner~
呼～你這種人最危險了…會讓人忍不住靠近耶♡,呼～你這種人最危險了…會讓人忍不住靠近耶♡,呼～你这种人最危险了…会让人忍不住靠近耶♡,I didn’t expect to enjoy losing this much ♥
哎呀，這麼強～我可是有點心動囉～,哎呀，這麼強～我可是有點心動囉～,哎呀，这么强～我可是有点心动啰～,I’m impressed… and tempted~
再這樣下去，我可要對你刮目相看了♥,再這樣下去，我可要對你刮目相看了♥,再这样下去，我可要对你刮目相看了♥,You’re starting to get under my skin~
贏了又怎樣？我可沒說會這麼輕易認輸唷～,贏了又怎樣？我可沒說會這麼輕易認輸唷～,赢了又怎样？我可没说会这么轻易认输唷～,Keep that up and I might give in completely~
嘿～再來嘛，我還沒玩夠呢～,嘿～再來嘛，我還沒玩夠呢～,嘿～再来嘛，我还没玩够呢～,You’ve won… but I want more of you~
想離開？可我還沒滿足啊♥,想離開？可我還沒滿足啊♥,想离开？可我还没满足啊♥,I won’t forget how you made me feel when you won~
小心我愛上你喔～這種勝利者氣息太迷人了♡,小心我愛上你喔～這種勝利者氣息太迷人了♡,小心我爱上你喔～这种胜利者气息太迷人了♡,You’re dangerous… in a good way~
你是不是偷偷練過？這樣太犯規了啦～,你是不是偷偷練過？這樣太犯規了啦～,你是不是偷偷练过？这样太犯规了啦～,"Be careful, or I might start liking you too much~"
下一場我要更認真囉～不然又要被你看穿了♪,下一場我要更認真囉～不然又要被你看穿了♪,下一场我要更认真啰～不然又要被你看穿了♪,"That victory was hot. Say, how about another?"
再挑戰我一次，我想看看你極限到哪裡呢～,再挑戰我一次，我想看看你極限到哪裡呢～,再挑战我一次，我想看看你极限到哪里呢～,Mmm~ I love it when you win~
這場算你厲害～不過還有很多回合唷♥,這場算你厲害～不過還有很多回合唷♥,这场算你厉害～不过还有很多回合唷♥,The way you play… it’s making me weak~
我開始想…要不要給你升級一點的挑戰了～,我開始想…要不要給你升級一點的挑戰了～,我开始想…要不要给你升级一点的挑战了～,You beat me again… now take responsibility~
如果你繼續這麼強…我可是會給你特別待遇的喔♡,如果你繼續這麼強…我可是會給你特別待遇的喔♡,如果你继续这么强…我可是会给你特别待遇的喔♡,I like a strong challenger… keep teasing me~
好啦，我服你了…但別讓我失望喔～,好啦，我服你了…但別讓我失望喔～,好啦，我服你了…但别让我失望喔～,My heart skipped a beat. Was that your plan?
呼～你這種人…最讓我放不下了♥,呼～你這種人…最讓我放不下了♥,呼～你这种人…最让我放不下了♥,I didn’t think I’d enjoy this game this much~
嘿～你是不是喜歡讓我輸給你啊？壞心眼～,嘿～你是不是喜歡讓我輸給你啊？壞心眼～,嘿～你是不是喜欢让我输给你啊？坏心眼～,Don’t stop now… you’re making this too fun~
看來我得更努力，才能追上你囉～,看來我得更努力，才能追上你囉～,看来我得更努力，才能追上你啰～,Another round? I need to see more of you~
好啦好啦～我認輸…你真是讓人心跳加速啊♡,好啦好啦～我認輸…你真是讓人心跳加速啊♡,好啦好啦～我认输…你真是让人心跳加速啊♡,You’ve definitely caught my attention~
你這麼會贏，是不是想讓我主動點什麼呢？,你這麼會贏，是不是想讓我主動點什麼呢？,你这么会赢，是不是想让我主动点什么呢？,"If you keep winning like this, who knows what I’ll do~"
我可是越輸越想贏你，你會怕嗎～？,我可是越輸越想贏你，你會怕嗎～？,我可是越输越想赢你，你会怕吗～？,I want more… of your confidence… and your touch~
真會選時機贏我…害我有點想撒嬌了～,真會選時機贏我…害我有點想撒嬌了～,真会选时机赢我…害我有点想撒娇了～,You’ve got something special… and I want more~
這次你贏得好漂亮，該怎麼獎勵你好呢？,這次你贏得好漂亮，該怎麼獎勵你好呢？,这次你赢得好漂亮，该怎么奖励你好呢？,Beat me again… I dare you~
小心一不小心我就被你迷倒了呢♥,小心一不小心我就被你迷倒了呢♥,小心一不小心我就被你迷倒了呢♥,You play dirty… I like it~
你真的很壞耶～專挑我不注意的時候贏～,你真的很壞耶～專挑我不注意的時候贏～,你真的很坏耶～专挑我不注意的时候赢～,That smile of yours after winning… dangerous~
看你這樣，我開始懷疑你是不是來撩我的啦～,看你這樣，我開始懷疑你是不是來撩我的啦～,看你这样，我开始怀疑你是不是来撩我的啦～,I think I’m falling… for your skills~
嘻～你贏得我好服氣…再來一次嘛♪,嘻～你贏得我好服氣…再來一次嘛♪,嘻～你赢得我好服气…再来一次嘛♪,I might let you win again… if you play nicely~
啊～你贏我了…那我是不是要乖乖聽話了呢？,啊～你贏我了…那我是不是要乖乖聽話了呢？,啊～你赢我了…那我是不是要乖乖听话了呢？,You’re making it hard to keep my cool~
贏一場還不夠證明你有多厲害喔♥,贏一場還不夠證明你有多厲害喔♥,赢一场还不够证明你有多厉害喔♥,"That fire in your eyes... you like teasing me, huh?"
你的實力讓我有點想認真起來囉～,你的實力讓我有點想認真起來囉～,你的实力让我有点想认真起来啰～,"Don’t stop now, winner~ I’m not done with you~"
這樣贏我～小心我會給你一個驚喜唷！,這樣贏我～小心我會給你一個驚喜唷！,这样赢我～小心我会给你一个惊喜唷！,Every victory just pulls me in deeper~
呼…這感覺，有點令人上癮耶～,呼…這感覺，有點令人上癮耶～,呼…这感觉，有点令人上瘾耶～,You're making me want to lose on purpose…
如果你每次都這麼帥，我可能會心動喔～,如果你每次都這麼帥，我可能會心動喔～,如果你每次都这么帅，我可能会心动喔～,That confidence… it suits you so well~
哼哼～你贏我一場，不代表贏得了我的心喔♥,哼哼～你贏我一場，不代表贏得了我的心喔♥,哼哼～你赢我一场，不代表赢得了我的心喔♥,Are you always this charming when you win?
嘻嘻～你現在的模樣，好讓人喜歡啊♡,嘻嘻～你現在的模樣，好讓人喜歡啊♡,嘻嘻～你现在的模样，好让人喜欢啊♡,You’ve won… now what are you going to do with me?
你真的會讓人有點心癢癢的耶～,你真的會讓人有點心癢癢的耶～,你真的会让人有点心痒痒的耶～,Your victory is… intoxicating~
看來我今天是被你收服了…,看來我今天是被你收服了…,看来我今天是被你收服了…,I might challenge you again just to feel this thrill~
贏了就別走啊～我還想多看看你～,贏了就別走啊～我還想多看看你～,赢了就别走啊～我还想多看看你～,Can I confess something? I love it when you win~
小心我開始對你產生好感喔♥,小心我開始對你產生好感喔♥,小心我开始对你产生好感喔♥,You’re becoming my favorite opponent… and more~
贏得那麼帥～是想迷倒誰啦？,贏得那麼帥～是想迷倒誰啦？,赢得那么帅～是想迷倒谁啦？,One more round… unless you’re scared to win again~
想不到你是認真的人耶，我喜歡這種～,想不到你是認真的人耶，我喜歡這種～,想不到你是认真的人耶，我喜欢这种～,I wonder what else you’re good at~
哇～我可能要重新評估你了喔♪,哇～我可能要重新評估你了喔♪,哇～我可能要重新评估你了喔♪,Winning looks very good on you~
不愧是你～讓我有點招架不住了啦～,不愧是你～讓我有點招架不住了啦～,不愧是你～让我有点招架不住了啦～,You’re not just playing the game… you’re playing me~
贏我這麼多次…你是不是想對我怎樣？嘻嘻～,贏我這麼多次…你是不是想對我怎樣？嘻嘻～,赢我这么多次…你是不是想对我怎样？嘻嘻～,You got me all flustered now… what next?
贏到這裡，你就甘心嗎？不想挑戰我最強狀態嗎？,贏到這裡，你就甘心嗎？不想挑戰我最強狀態嗎？,赢到这里，你就甘心吗？不想挑战我最强状态吗？,"One more win, and I’m yours~ maybe ♥"
嗯哼～你真的會玩嘛～讓我有點心跳加速了♡,嗯哼～你真的會玩嘛～讓我有點心跳加速了♡,嗯哼～你真的会玩嘛～让我有点心跳加速了♡,You just keep surprising me~
我都想替你加油了呢～這樣繼續贏下去吧！,我都想替你加油了呢～這樣繼續贏下去吧！,我都想替你加油了呢～这样继续赢下去吧！,You’re not playing fair… but I’m not complaining~
嘿～贏得這麼乾淨俐落，是想讓我崇拜你嗎？,嘿～贏得這麼乾淨俐落，是想讓我崇拜你嗎？,嘿～赢得这么干净俐落，是想让我崇拜你吗？,Another win like that and I might melt~
下一關更刺激喔～你…準備好了嗎？,下一關更刺激喔～你…準備好了嗎？,下一关更刺激喔～你…准备好了吗？,I can't look away when you’re in the lead~
你這種眼神，好像很有把握耶～我喜歡♥,你這種眼神，好像很有把握耶～我喜歡♥,你这种眼神，好像很有把握耶～我喜欢♥,I want more of that spark you’ve got~
贏了我之後，會對我負責嗎？哈哈～,贏了我之後，會對我負責嗎？哈哈～,赢了我之后，会对我负责吗？哈哈～,You're turning me into your biggest fan~
好吧…認真起來的你真的好帥喔～,好吧…認真起來的你真的好帥喔～,好吧…认真起来的你真的好帅喔～,"Is it getting hotter in here, or is it just you?"
你已經讓我期待下一次見面了～,你已經讓我期待下一次見面了～,你已经让我期待下一次见面了～,Don’t slow down now… keep going~
想挑戰更難的我嗎？那你要更努力囉♪,想挑戰更難的我嗎？那你要更努力囉♪,想挑战更难的我吗？那你要更努力啰♪,I’ve got something special for the next winner~
小心喔～越贏我越想黏著你♡,小心喔～越贏我越想黏著你♡,小心喔～越赢我越想黏着你♡,Keep winning like that… and I might surrender everything~
不知不覺…我好像有點欣賞你了♥,不知不覺…我好像有點欣賞你了♥,不知不觉…我好像有点欣赏你了♥,This game… is starting to feel like a date~
嘿～這勝利，是不是該抱一下慶祝呢？,嘿～這勝利，是不是該抱一下慶祝呢？,嘿～这胜利，是不是该抱一下庆祝呢？,That look in your eyes… you really want to conquer me?
再這樣贏下去…我會開始賴著你不放喔～,再這樣贏下去…我會開始賴著你不放喔～,再这样赢下去…我会开始赖着你不放喔～,"You play so well, I can’t help but cheer for you~"
你這樣表現，會讓其他人嫉妒我耶♪,你這樣表現，會讓其他人嫉妒我耶♪,你这样表现，会让其他人嫉妒我耶♪,You’re amazing… don’t stop proving it~
要不要再來一次？我想看看你的極限呢～,要不要再來一次？我想看看你的極限呢～,要不要再来一次？我想看看你的极限呢～,Hmm~ should I reward you with a little secret next time?
哼～你贏我一次，我就對你笑一次，好不好？,哼～你贏我一次，我就對你笑一次，好不好？,哼～你赢我一次，我就对你笑一次，好不好？,"Every time you win, I get more excited~"
這場勝利…我甘心送給你♥,這場勝利…我甘心送給你♥,这场胜利…我甘心送给你♥,You’ve already taken over the game… is my heart next?
認真打的你，真的好有魅力～,認真打的你，真的好有魅力～,认真打的你，真的好有魅力～,I’m starting to crave your victories~
我會記住你這場的勝利的唷～,我會記住你這場的勝利的唷～,我会记住你这场的胜利的唷～,"Keep going, champion~ I’m watching closely~"
這不是終點～我們的遊戲還沒結束呢♪,這不是終點～我們的遊戲還沒結束呢♪,这不是终点～我们的游戏还没结束呢♪,I love the way you take control~
哇～你已經成為我最想對手啦♡,哇～你已經成為我最想對手啦♡,哇～你已经成为我最想对手啦♡,You beat me… and I liked it~
好喜歡這種被你贏的感覺唷～,好喜歡這種被你贏的感覺唷～,好喜欢这种被你赢的感觉唷～,"Another round, just for you~"
想不到你這麼厲害～再贏一次我看看嘛～,想不到你這麼厲害～再贏一次我看看嘛～,想不到你这么厉害～再赢一次我看看嘛～,I wonder how far you’ll take this...
你這樣，我會以為你是來誘惑我的耶～,你這樣，我會以為你是來誘惑我的耶～,你这样，我会以为你是来诱惑我的耶～,You’re the kind of winner I can’t say no to~
贏得這麼帥，是不是該獎你一個微笑呢？,贏得這麼帥，是不是該獎你一個微笑呢？,赢得这么帅，是不是该奖你一个微笑呢？,"You're playing with my emotions now, aren't you?"
我有種預感…你接下來會讓我更心動～,我有種預感…你接下來會讓我更心動～,我有种预感…你接下来会让我更心动～,You’re too good… it’s unfair (but I love it)
要是每次都贏得這麼好看，我可能會失控唷～,要是每次都贏得這麼好看，我可能會失控唷～,要是每次都赢得这么好看，我可能会失控唷～,I feel like I’m the prize you’re fighting for~
好啦～我服了你！再來一次吧♥,好啦～我服了你！再來一次吧♥,好啦～我服了你！再来一次吧♥,Your dominance is irresistible~
嘻～我等你下一次的挑戰唷～,嘻～我等你下一次的挑戰唷～,嘻～我等你下一次的挑战唷～,You’ve won… but you can have so much more~
記得唷～我一直在等你回來再贏我一次♡,記得唷～我一直在等你回來再贏我一次♡,记得唷～我一直在等你回来再赢我一次♡,"Take me on again, and show me how far you'll go~"